鄉鎮市區,租賃標的,土地區段位置或建物區門牌,租賃總面積平方公尺,都市土地使用分區,非都市土地使用分區,非都市土地使用編定,租賃年月日,租賃筆棟數,租賃層次,總樓層數,建物型態,主要用途,主要建材,建築完成年月,租賃總面積平方公尺.1,建物現況格局-房,建物現況格局-廳,建物現況格局-衛,建物現況格局-隔間,有無管理組織,有無附傢俱,總額元,單價每平方公尺,車位類別,租賃總面積平方公尺.2,租金總額元,備註,編號,lng,lat
內湖區,建物,臺北市內湖區民權東路六段123巷1~30號,0.0,商,,,1051209,土地0建物1車位0,七層,10.0,華廈(10層含以下有電梯),商業用,鋼筋混凝土造,880717.0,94.01,1,1,1,有,有,有,34000,362.0,,0.0,0,,RPUQMLNJJHMFFCA97CC,121.5775289,25.0661671
內湖區,建物,臺北市內湖區民權東路六段180巷1~30號,0.0,商,,,1051209,土地0建物1車位0,八層,12.0,辦公商業大樓,商業用,鋼筋混凝土造,881102.0,65.88,0,0,1,有,有,無,22000,334.0,,0.0,0,,RPVQMLNJJHMFFCA08CC,121.5775289,25.0661671
內湖區,建物,臺北市內湖區民權東路六段123巷1~30號,0.0,商,,,1051227,土地0建物1車位0,五層,10.0,華廈(10層含以下有電梯),商業用,鋼筋混凝土造,880717.0,44.8,0,1,1,有,有,無,16000,357.0,,0.0,0,,RPWQMLNJJHMFFCA18CC,121.5775289,25.0661671
松山區,建物,臺北市松山區光復北路1~30號,0.0,住,,,1051211,土地0建物1車位0,一層,12.0,店面(店鋪),商業用,鋼筋混凝土造,771123.0,251.3,0,0,1,有,有,有,130000,517.0,,0.0,0,續租。,RPXOMLNJJHMFFDA18CC,121.5580718,25.0484203
信義區,房地(土地+建物),臺北市信義區基隆路一段151~180號,38.83,商,,,1051220,土地1建物1車位0,八層,14.0,辦公商業大樓,商業用,鋼筋混凝土造,730810.0,62.8,0,0,0,無,有,無,20000,318.0,,0.0,0,,RPSPMLNJJHMFFDA77CC,121.565476,25.04234
大安區,房地(土地+建物),臺北市大安區臥龍街271~300號,55.06,住,,,1051221,土地1建物1車位0,一層,5.0,公寓(5樓含以下無電梯),商業用,鋼筋混凝土造,810224.0,166.29,1,1,1,有,無,無,46000,277.0,,0.0,0,,RPWNMLNJJHMFFFA18CC,121.5565445,25.018659699999997
大安區,建物,臺北市大安區四維路181~210號,0.0,其他,,,1060103,土地0建物1車位0,一層,26.0,店面(店鋪),商業用,鋼筋混凝土造,741204.0,164.67,0,0,0,無,有,有,130000,789.0,,0.0,0,,RPOOMLNJJHMFFFA47CC,121.54815220000002,25.0280198
信義區,建物,臺北市信義區忠孝東路五段481~510號,0.0,商,,,1051217,土地0建物1車位0,三層,27.0,辦公商業大樓,商業用,鋼骨混凝土造,820813.0,150.95,1,1,0,有,有,有,86843,575.0,,0.0,0,,RPPOMLNJJHMFFDA47DC,121.577475,25.041004
大安區,建物,臺北市大安區信義路四段121~150號,0.0,其他,,,1051228,土地0建物1車位0,六層,12.0,套房(1房1廳1衛),商業用,鋼筋混凝土造,691124.0,140.61,1,1,1,有,有,有,27200,193.0,,0.0,0,,RPWNMLOJJHMFFFA28CC,121.5440779,25.0335589
大安區,建物,臺北市大安區復興南路一段331~360號,0.0,商,,,1051212,土地0建物1車位0,一層,12.0,店面(店鋪),商業用,鋼筋混凝土造,,144.62,0,0,0,無,無,無,90000,622.0,,0.0,0,,RPSOMLOJJHMFFFA97CC,121.5435611,25.0361623
中山區,建物,臺北市中山區林森北路361~390號,0.0,商,,,1051228,土地0建物1車位0,十二層,18.0,住宅大樓(11層含以上有電梯),商業用,鋼筋混凝土造,980916.0,66.62,1,1,1,有,有,有,50000,751.0,,0.0,0,,RPXNMLOJJHMFFCA08CC,121.52550600000001,25.0572808
中山區,建物,臺北市中山區中山北路一段91~120號,0.0,商,,,1051220,土地0建物1車位0,三層,12.0,辦公商業大樓,商業用,鋼筋混凝土造,770401.0,129.9,1,0,0,無,有,無,49500,381.0,,0.0,0,,RPQOMLOJJHMFFCA47CC,121.52229070000001,25.0506682
中山區,建物,臺北市中山區新生北路二段72巷1~30號,0.0,商,,,1051212,土地0建物1車位0,一層,12.0,套房(1房1廳1衛),商業用,鋼筋混凝土造,610402.0,41.74,1,1,1,有,有,無,23000,551.0,,0.0,0,,RPPPMLPJJHMFFCA57CC,121.5272195,25.0570753
松山區,建物,臺北市松山區八德路三段61~90號,0.0,商,,,1051213,土地0建物1車位0,地下一層,12.0,住宅大樓(11層含以上有電梯),商業用,鋼筋混凝土造,760814.0,494.68,0,0,0,無,有,無,138000,279.0,,0.0,0,,RPUOMLPJJHMFFDA08CC,121.55285790000002,25.0482107
大安區,建物,臺北市大安區安和路二段1~30號,0.0,住,,,1060103,土地0建物1車位0,一層,7.0,店面(店鋪),商業用,鋼筋混凝土造,741230.0,80.7,0,0,1,有,有,有,100000,1239.0,,0.0,0,,RPOOMLQJJHMFFFA77CC,121.55033999999999,25.029598
大安區,房地(土地+建物),臺北市大安區延吉街151~180號,16.03,住,,,1060104,土地1建物1車位0,二層,5.0,公寓(5樓含以下無電梯),商業用,鋼筋混凝土造,851210.0,79.69,2,2,1,有,無,無,33000,414.0,,0.0,0,,RPSOMLQJJHMFFFA18CC,121.55455570000001,25.0410759
內湖區,建物,臺北市內湖區康寧路三段181~210號,0.0,商,,,1060105,土地0建物1車位0,一層,2.0,店面(店鋪),商業用,鋼筋混凝土造,941123.0,101.25,0,0,0,無,無,無,120000,1185.0,,0.0,0,,RPOOMLQJJHMFFCA47CC,121.61200900000001,25.070141
中山區,建物,臺北市中山區中山北路二段61~90號,0.0,商,,,1051221,土地0建物1車位0,五層,11.0,辦公商業大樓,商業用,見使用執照,910827.0,510.78,0,0,0,無,有,無,250000,489.0,,0.0,0,1)租金含稅,RPVOMLQJJHMFFCA18CC,121.52299599999999,25.05615
文山區,房地(土地+建物),臺北市文山區景興路181~210號,3.64,商,,,1060103,土地1建物1車位0,一層,24.0,住宅大樓(11層含以上有電梯),商業用,見使用執照,850104.0,43.05,1,1,1,有,有,有,13000,302.0,,0.0,0,,RPPNMLRJJHMFFAA37CC,121.54443290000002,24.9927645
大安區,房地(土地+建物),臺北市大安區忠孝東路四段216巷61~90號,17.43,住,,,1060107,土地2建物1車位0,一層,22.0,住宅大樓(11層含以上有電梯),商業用,見使用執照,761228.0,114.92,0,0,0,無,無,有,160000,1392.0,,0.0,0,,RPQNMLRJJHMFFFA97CC,121.54629299999999,25.041766
松山區,建物,臺北市松山區基隆路一段1~30號,0.0,商,,,1060107,土地0建物1車位1,十五層,18.0,辦公商業大樓,商業用,鋼筋混凝土造,840126.0,244.95,0,0,0,無,有,無,60000,245.0,升降平面,33.48,0,,RPTNMLSJJHMFFDA18CC,121.5694483,25.0499641
中山區,建物,臺北市中山區中山北路一段105巷1~30號,0.0,商,,,1051217,土地0建物0車位0,二層,8.0,華廈(10層含以下有電梯),商業用,鋼筋混凝土造,650310.0,34.25,5,5,5,有,有,有,16000,467.0,,0.0,0,,RPQOMLTJJHMFFCA97CC,121.522477,25.050985999999998
中山區,建物,臺北市中山區五常街53巷1~30號,71.4,住,,,1051231,土地0建物1車位0,一層,5.0,店面(店鋪),商業用,鋼筋混凝土造,680605.0,71.4,0,0,0,無,無,有,39000,546.0,,0.0,0,,RPROMLTJJHMFFCA08CC,121.539681,25.064474
中山區,建物,臺北市中山區中山北路二段115巷1~30號,0.0,商,,,1051216,土地0建物1車位0,五層,17.0,住宅大樓(11層含以上有電梯),商業用,鋼筋混凝土造,791019.0,93.54,2,2,1,有,有,有,36000,385.0,,0.0,0,,RPTOMLTJJHMFFCA28CC,121.522842,25.0524875
中山區,建物,臺北市中山區德惠街151~180號,0.0,商,,,1051223,土地0建物1車位0,一層,7.0,華廈(10層含以下有電梯),商業用,鋼筋混凝土造,760916.0,142.06,0,0,0,無,無,無,66000,465.0,,0.0,0,,RPUPMLTJJHMFFCA48CC,121.53088819999999,25.0666019
大安區,建物,臺北市大安區信義路四段265巷5弄1~30號,0.0,住,,,1060106,土地0建物1車位0,一層,7.0,店面(店鋪),商業用,鋼筋混凝土造,710727.0,101.53,0,0,0,無,無,無,68000,670.0,,0.0,0,,RPPNMLTJJHMFFFA08CC,121.5544755,25.0338728
大安區,建物,臺北市大安區復興南路一段61~90號,0.0,商,,,1051214,土地0建物1車位0,一層,16.0,住宅大樓(11層含以上有電梯),商業用,鋼筋混凝土造,701230.0,173.9,0,0,0,無,有,無,340740,1959.0,,0.0,0,,RPUNMLTJJHMFFFA58CC,121.544126,25.045136
大安區,建物,臺北市大安區復興南路一段61~90號,0.0,商,,,1051214,土地0建物1車位0,二層,16.0,住宅大樓(11層含以上有電梯),商業用,鋼筋混凝土造,701230.0,170.81,2,1,1,有,有,無,56760,332.0,,0.0,0,,RPVNMLTJJHMFFFA68CC,121.544126,25.045136
士林區,建物,臺北市士林區文林路121~150號,0.0,商,,,1051208,土地0建物1車位0,一層,4.0,店面(店鋪),商業用,鋼筋混凝土造,660214.0,78.65,0,0,0,無,無,無,150000,1907.0,,0.0,0,,RPRPMLKKJHMFFEA57CC,121.52627450000001,25.0885488
中正區,建物,臺北市中正區寧波西街31~60號,0.0,商,,,1051223,土地0建物1車位0,五層,12.0,住宅大樓(11層含以上有電梯),商業用,鋼筋混凝土造,860610.0,113.39,2,2,1,有,有,有,45000,397.0,,0.0,0,租金含管理費,RPRNMLKKJHMFFAA96CC,121.5181331,25.0311845
中正區,建物,臺北市中正區羅斯福路二段181~210號,0.0,商,,,1051219,土地0建物1車位0,三層,12.0,住宅大樓(11層含以上有電梯),商業用,鋼筋混凝土造,770112.0,91.0,3,2,2,有,有,無,35000,385.0,,0.0,0,,RPXNMLKKJHMFFAA57CC,121.52378610000001,25.0250954
中山區,建物,臺北市中山區農安街1~30號,0.0,商,,,1051216,土地0建物1車位0,三層,14.0,套房(1房1廳1衛),商業用,鋼筋混凝土造,980622.0,44.76,1,1,1,有,有,有,23000,514.0,,0.0,0,,RPSOMLKKJHMFFCA37CC,121.5295986,25.064967000000003
中山區,建物,臺北市中山區中山北路二段121~150號,0.0,商,,,1051223,土地0建物1車位0,五層,14.0,辦公商業大樓,商業用,鋼骨鋼筋混凝土造,930319.0,217.74,4,1,0,有,有,有,138000,634.0,,0.0,0,,RPVPMLKKJHMFFCA77CC,121.5231156,25.0612094
信義區,建物,臺北市信義區忠孝東路五段481~510號,0.0,,,,1051216,土地0建物1車位2,八層,27.0,辦公商業大樓,商業用,鋼骨混凝土造,820813.0,195.4,4,1,2,有,有,無,100000,512.0,坡道平面,0.0,0,,RPVNMLLKJHMFFDA77CC,121.577475,25.041004
中山區,建物,臺北市中山區林森北路301~330號,0.0,商,,,1060101,土地0建物1車位0,七層,14.0,住宅大樓(11層含以上有電梯),商業用,鋼筋混凝土造,920213.0,82.32,1,2,1,有,有,有,36000,437.0,,0.0,0,,RPSNMLLKJHMFFCA37CC,121.525628,25.055792999999998
中山區,建物,臺北市中山區新生北路三段31~60號,0.0,商,,,1051223,土地0建物1車位0,四層,10.0,套房(1房1廳1衛),商業用,鋼筋混凝土造,830926.0,41.7,1,1,1,有,有,有,16500,396.0,,0.0,0,,RPPPMLLKJHMFFCA27CC,121.52805759999998,25.064686899999998
大安區,建物,臺北市大安區忠孝東路四段331~360號,17.62,商,,,1051228,土地0建物1車位0,十二層,12.0,辦公商業大樓,商業用,鋼筋混凝土造,,187.93,0,0,0,無,有,無,83000,442.0,,0.0,0,,RPTOMLLKJHMFFFA87CC,121.5569113,25.0416628
中正區,建物,臺北市中正區襄陽路1~30號,0.0,商,,,1051223,土地0建物1車位0,十六層,21.0,辦公商業大樓,商業用,見使用執照,861125.0,403.47,0,0,0,無,有,無,238000,590.0,,0.0,0,承租16F-A區，面積共計122.06坪,RPSNMLLKJHMFFBA27CC,121.51645420000001,25.043496700000002
中正區,建物,臺北市中正區懷寧街61~90號,0.0,商,,,1051214,土地0建物1車位0,八層,12.0,辦公商業大樓,商業用,鋼筋混凝土造,830701.0,118.91,2,0,2,有,有,有,42000,353.0,,0.0,0,,RPVNMLLKJHMFFBA57CC,121.5140932,25.043810399999998
中正區,建物,臺北市中正區許昌街1~30號,0.0,商,,,1060103,土地0建物1車位0,四層,8.0,華廈(10層含以下有電梯),商業用,鋼筋混凝土造,801126.0,264.71,5,1,2,有,有,有,150000,567.0,,0.0,0,,RPUOMLLKJHMFFBA57CC,121.5163831,25.045359
中正區,建物,臺北市中正區愛國西路1~30號,0.0,商,,,1051226,土地0建物1車位0,二層,8.0,辦公商業大樓,商業用,鋼筋混凝土造,710922.0,45.72,1,1,1,有,有,無,18000,394.0,,0.0,0,,RPWOMLLKJHMFFBA77CC,121.5142953,25.0356043
北投區,建物,臺北市北投區百齡五路344巷1~30號,0.0,住,,,1051227,土地0建物1車位1,五層,10.0,華廈(10層含以下有電梯),商業用,鋼筋混凝土造,791211.0,209.3,1,1,1,有,有,有,65000,311.0,升降平面,0.0,0,,RPTQMLMKJHMFFEA08CC,121.5042838,25.1177497
大安區,建物,臺北市大安區敦化南路二段31~60號,0.0,商,,,1051219,土地0建物1車位0,五層,20.0,辦公商業大樓,商業用,鋼筋混凝土造,720714.0,85.82,3,1,0,有,有,無,40000,466.0,,0.0,0,,RPRNMLMKJHMFFFA67CC,121.5491635,25.032276100000004
中山區,建物,臺北市中山區農安街1~30號,0.0,商,,,1051220,土地0建物1車位0,三層,12.0,住宅大樓(11層含以上有電梯),商業用,鋼筋混凝土造,730323.0,131.21,2,1,1,有,有,有,18000,137.0,,0.0,0,,RPUPMLMKJHMFFCA87CC,121.5295986,25.064967000000003
松山區,建物,臺北市松山區南京東路四段181~210號,0.0,商,,,1051216,土地0建物1車位0,十層,12.0,辦公商業大樓,商業用,鋼筋混凝土造,681027.0,103.9,1,1,0,有,有,無,33000,318.0,,0.0,0,,RPPNMLMKJHMFFDA27CC,121.55656880000001,25.0517846
松山區,建物,臺北市松山區南京東路四段151~180號,0.0,商,,,1051227,土地0建物1車位0,四層,12.0,辦公商業大樓,商業用,鋼筋混凝土造,730615.0,80.51,0,0,0,無,有,無,28000,348.0,,0.0,0,,RPRNMLMKJHMFFDA47CC,121.55568290000001,25.0518383
信義區,建物,臺北市信義區光復南路391~420號,0.0,商,,,1060111,土地0建物1車位0,三層,12.0,住宅大樓(11層含以上有電梯),商業用,鋼筋混凝土造,,77.95,2,2,1,有,有,有,25000,321.0,,0.0,0,,RPPPMLMKJHMFFDA47CC,121.55750420000001,25.037253399999997
松山區,建物,臺北市松山區復興北路181~210號,0.0,商,,,1051230,土地0建物1車位0,二層,15.0,辦公商業大樓,商業用,鋼筋混凝土造,750205.0,274.64,3,0,0,有,有,無,136225,496.0,,0.0,0,,RPXOMLNKJHMFFDA28CC,121.54444790000001,25.0548084
松山區,建物,臺北市松山區南京東路四段1~30號,0.0,其他,,,1060104,土地0建物1車位2,六層,14.0,辦公商業大樓,商業用,鋼筋混凝土造,740415.0,495.87,5,0,2,有,有,無,252000,508.0,坡道平面,0.0,0,,RPPPMLNKJHMFFDA57CC,121.5495307,25.0519742
信義區,建物,臺北市信義區忠孝東路四段553巷31~60號,30.3,商,,,1051215,土地0建物1車位0,一層,7.0,華廈(10層含以下有電梯),商業用,鋼筋混凝土造,,30.3,2,0,1,有,無,有,70000,2310.0,,0.0,0,,RPQPMLNKJHMFFDA67CC,121.56278640000001,25.0436779
中山區,建物,臺北市中山區民生東路一段61~90號,0.0,商,,,1051226,土地0建物1車位0,六層,11.0,套房(1房1廳1衛),商業用,鋼筋混凝土造,810422.0,47.3,1,1,1,有,有,有,16282,344.0,,0.0,0,,RPXOMLNKJHMFFCA18CC,121.52700290000001,25.0577712
內湖區,建物,臺北市內湖區江南街96巷1~30號,0.0,住,,,1051226,土地0建物1車位0,地下一層,7.0,華廈(10層含以下有電梯),商業用,鋼筋混凝土造,841026.0,69.97,2,1,1,有,有,無,18000,257.0,,0.0,0,,RPOPMLNKJHMFFCA37CC,121.577069,25.07728
中山區,建物,臺北市中山區松江路77巷1~30號,0.0,住,,,1051224,土地0建物1車位0,五層,11.0,套房(1房1廳1衛),商業用,鋼筋混凝土造,931224.0,50.26,1,1,1,有,有,有,28000,557.0,,0.0,0,,RPUPMLNKJHMFFCA97CC,121.53298590000001,25.0456563
內湖區,建物,臺北市內湖區文德路22巷9弄31~60號,0.0,,,,1060110,土地0建物1車位0,地下層,9.0,住宅大樓(11層含以上有電梯),商業用,鋼筋混凝土造,830505.0,97.93,3,2,2,有,有,有,32000,327.0,,0.0,0,,RPVQMLNKJHMFFCA18CC,121.5794987,25.077199
內湖區,建物,臺北市內湖區東湖路1~30號,0.0,商,,,1060101,土地0建物1車位0,二層,7.0,華廈(10層含以下有電梯),商業用,鋼筋混凝土造,751128.0,129.12,0,0,0,無,無,無,35000,271.0,,0.0,0,,RPWRMLNKJHMFFCA38CC,121.6122699,25.0689932
中山區,建物,臺北市中山區長安東路一段1~30號,0.0,商,,,1060104,土地0建物1車位0,八層,11.0,辦公商業大樓,商業用,鋼筋混凝土造,610328.0,257.85,0,0,0,無,有,無,97650,379.0,,0.0,0,本戶承租八樓室內63坪，含公設78坪。,RPXRMLNKJHMFFCA48CC,121.522081,25.049818
中正區,房地(土地+建物),臺北市中正區忠孝西路一段61~90號,1163.73,商,,,1051118,土地1建物1車位0,三十四層,46.0,辦公商業大樓,商業用,鋼骨鋼筋混凝土造,821221.0,1885.01,0,0,0,無,無,有,1257335,667.0,,0.0,0,,RPTOMLNKJHMFFBA67CC,121.5168406,25.0465078
信義區,建物,臺北市信義區忠孝東路五段481~510號,0.0,住,,,1060105,土地0建物1車位1,八層,27.0,辦公商業大樓,商業用,鋼骨混凝土造,820813.0,197.25,4,0,1,有,有,無,86000,436.0,坡道平面,0.0,0,,RPSOMLQKJHMFFDA08CC,121.577475,25.041004
松山區,建物,臺北市松山區南京東路四段151~180號,0.0,商,,,1060105,土地0建物1車位0,五層,10.0,辦公商業大樓,商業用,鋼筋混凝土造,840418.0,267.89,4,0,0,有,有,無,92000,343.0,,0.0,0,,RPUOMLQKJHMFFDA28CC,121.55568290000001,25.0518383
文山區,建物,臺北市文山區保儀路26巷1~30號,0.0,商,,,1060104,土地0建物1車位0,四層,12.0,住宅大樓(11層含以上有電梯),商業用,鋼筋混凝土造,840304.0,145.85,4,2,2,有,有,無,22500,154.0,,0.0,0,,RPUNMLRKJHMFFAA97CC,121.56824080000001,24.9883392
中山區,建物,臺北市中山區長安東路二段151~180號,0.0,商,,,1060109,土地0建物1車位0,十一層,14.0,住宅大樓(11層含以上有電梯),商業用,鋼筋混凝土造,900326.0,129.05,3,2,2,有,有,有,58000,449.0,,0.0,0,,RPWNMLRKJHMFFCA38CC,121.5412075,25.0482059
中山區,建物,臺北市中山區堤頂大道二段481~510號,0.0,其他,,,1060105,土地0建物1車位1,六層,10.0,華廈(10層含以下有電梯),商業用,鋼筋混凝土造,991201.0,190.78,0,0,0,無,有,有,78000,409.0,坡道平面,0.0,0,,RPXNMLRKJHMFFCA48CC,121.5619983,25.0820776
中山區,建物,臺北市中山區松江路31~60號,0.0,商,,,1060105,土地0建物1車位0,六層,10.0,辦公商業大樓,商業用,鋼筋混凝土造,770802.0,275.51,1,1,2,有,有,有,115000,417.0,,0.0,0,,RPWPMLRKJHMFFCA58CC,121.53317379999999,25.0474392
松山區,建物,臺北市松山區復興北路91~120號,0.0,商,,,1060106,土地0建物3車位0,九層,15.0,辦公商業大樓,商業用,鋼筋混凝土造,750106.0,1240.57,0,0,0,無,有,無,666000,537.0,,0.0,0,,RPQNMLSKJHMFFDA97CC,121.54411670000002,25.0516758
松山區,建物,臺北市松山區南京東路五段181~210號,0.0,商,,,1060104,土地0建物1車位0,一層,12.0,住宅大樓(11層含以上有電梯),商業用,鋼筋混凝土造,780602.0,99.7,1,1,1,有,無,無,60000,602.0,,0.0,0,,RPXNMLSKJHMFFDA68CC,121.56514609999999,25.0511923
中山區,建物,臺北市中山區林森北路361~390號,0.0,商,,,1060107,土地0建物1車位0,十層,18.0,套房(1房1廳1衛),商業用,鋼筋混凝土造,980916.0,62.29,1,1,1,有,有,有,48000,771.0,,0.0,0,租金含管理費及網路、第四台費用,RPOPMLSKJHMFFCA87CC,121.52550600000001,25.0572808
中正區,建物,臺北市中正區羅斯福路二段31~60號,0.0,其他,,,1060108,土地0建物1車位0,十二層,15.0,套房(1房1廳1衛),商業用,鋼筋混凝土造,911125.0,38.68,1,1,1,有,有,有,17000,440.0,,0.0,0,,RPPNMLTKJHMFFAA67CC,121.52213400000001,25.02786
中山區,建物,臺北市中山區農安街1~30號,0.0,商,,,1060109,土地0建物1車位0,八層,12.0,住宅大樓(11層含以上有電梯),商業用,鋼筋混凝土造,890501.0,151.87,4,2,2,有,有,無,41000,270.0,,0.0,0,,RPROMLKLJHMFFCA37CC,121.5295986,25.064967000000003
大安區,建物,臺北市大安區敦化南路二段265巷1~30號,0.0,其他,,,1060109,土地0建物1車位0,六層,7.0,華廈(10層含以下有電梯),商業用,鋼筋混凝土造,710417.0,144.92,3,2,1,有,有,無,48000,331.0,,0.0,0,,RPWOMLKLJHMFFFA18CC,121.54921809999999,25.0330358
萬華區,建物,臺北市萬華區貴陽街二段31~60號,0.0,商,,,1060109,土地0建物1車位0,二層,7.0,華廈(10層含以下有電梯),商業用,鋼筋混凝土造,651005.0,140.47,4,2,2,有,無,有,35000,249.0,,0.0,0,,RPWNMLKLJHMFFBA67CC,121.5054311,25.0396137
中山區,建物,臺北市中山區民權東路二段31~60號,0.0,,,,1060106,土地0建物1車位0,三層,12.0,辦公商業大樓,商業用,鋼筋混凝土造,740326.0,200.35,0,0,0,無,無,無,60000,299.0,,0.0,0,,RPQPMLNLJHMFFCA67CC,121.529399,25.062792
松山區,建物,臺北市松山區長安東路二段211~240號,0.0,商,,,1060110,土地0建物1車位0,九層,12.0,住宅大樓(11層含以上有電梯),商業用,鋼筋混凝土造,,78.9,2,2,1,有,有,無,25000,317.0,,0.0,0,含管理費。,RPQQMLNLJHMFFDA87CC,121.54434679999999,25.0482502
南港區,建物,臺北市南港區八德路四段871~900號,0.0,商,,,1060106,土地0建物1車位0,二層,16.0,辦公商業大樓,商業用,鋼筋混凝土造,841219.0,50.87,0,0,0,無,有,無,8000,157.0,,0.0,0,租期：自民國106年01月15日起至民國107年01月14日止。,RPPQMLOLJHMFFDA87CC,121.580386,25.0511569
南港區,建物,臺北市南港區八德路四段871~900號,0.0,商,,,1060108,土地0建物1車位0,一層,16.0,辦公商業大樓,商業用,鋼筋混凝土造,841219.0,30.03,0,0,0,無,有,無,10000,333.0,,0.0,0,租期：自民國106年02月01日起至民國108年01月31日止。,RPQQMLOLJHMFFDA97CC,121.580386,25.0511569
中山區,建物,臺北市中山區建國北路二段181~210號,0.0,住,,,1060104,土地0建物2車位0,十層,10.0,辦公商業大樓,商業用,鋼筋混凝土造,841024.0,1914.63,0,0,0,無,有,有,1434339,749.0,,0.0,0,,RPRQMLOLJHMFFCA97CC,121.53723559999999,25.0616565
信義區,建物,臺北市信義區基隆路二段121~150號,0.0,商,,,1060105,土地0建物1車位1,三層,12.0,住宅大樓(11層含以上有電梯),商業用,鋼筋混凝土造,801018.0,109.99,0,0,0,無,無,無,30000,273.0,升降機械,16.9,0,,RPOPMLQLJHMFFDA87CC,121.55706940000002,25.0286362
中正區,建物,臺北市中正區博愛路61~90號,0.0,商,,,1051231,土地0建物1車位0,六層,11.0,辦公商業大樓,商業用,鋼筋混凝土造,680115.0,119.0,0,0,0,無,有,無,50000,420.0,,0.0,0,本租案僅承租本戶部分面積約119平方公尺,RPVOMLQJKHMFFBA18CC,121.51163100000001,25.044276
松山區,建物,臺北市松山區臺北市松山區南京東路五段151~180號,0.0,商,,,1060106,土地0建物1車位0,一層,16.0,店面(店鋪),商業用,鋼骨混凝土造,830310.0,79.34,0,0,0,無,有,無,126000,1588.0,,0.0,0,,RPSPMLQJKHMFFDA18CC,121.5484797,25.0513327
北投區,建物,臺北市北投區三合街二段421~450號,0.0,住,,,1060101,土地0建物1車位0,一層,7.0,華廈(10層含以下有電梯),商業用,鋼筋混凝土造,841002.0,137.55,0,0,0,無,無,無,32000,233.0,,0.0,0,,RPOOMLRJKHMFFEA87CC,121.5027979,25.1265556
大安區,建物,臺北市大安區復興南路二段61~90號,0.0,商,,,1060108,土地0建物1車位0,二層,16.0,辦公商業大樓,商業用,鋼筋混凝土造,750801.0,148.5,3,2,2,有,無,有,45000,303.0,,0.0,0,,RPWNMLSJKHMFFFA78CC,121.5437387,25.0309545
中正區,建物,臺北市中正區重慶南路一段121~150號,0.0,商,,,1060110,土地0建物1車位0,四層,8.0,華廈(10層含以下有電梯),商業用,鋼筋混凝土造,711016.0,283.66,3,1,1,有,有,有,96000,338.0,,0.0,0,,RPTNMLSJKHMFFBA08CC,121.513352,25.0422299
萬華區,房地(土地+建物),臺北市萬華區中華路二段1~30號,70.99,商,,,1051207,土地1建物3車位0,見其他登記事項,7.0,店面(店鋪),商業用,鋼筋混凝土造,690822.0,563.51,0,0,0,無,無,無,100000,177.0,,0.0,0,,RPUNMLMLKILFFBA77CC,121.4530804,25.0447136
信義區,建物,臺北市信義區光復南路391~420號,0.0,商,,,1060111,土地0建物1車位0,三層,12.0,住宅大樓(11層含以上有電梯),商業用,鋼筋混凝土造,,77.95,2,2,1,有,有,有,25000,321.0,,0.0,0,,RPPPMLMKJHMFFDA47CC,121.55750420000001,25.037253399999997
中山區,建物,臺北市中山區敬業一路31~60號,0.0,商,,,1051230,土地0建物1車位0,二層,8.0,套房(1房1廳1衛),商業用,鋼筋混凝土造,961206.0,58.96,1,1,1,有,有,無,37000,628.0,,0.0,0,,RPXNMLQKJHMFFCA38CC,121.552834,25.081127
中山區,建物,臺北市中山區新生北路三段31~60號,0.0,商,,,1051229,土地0建物1車位0,三層,10.0,套房(1房1廳1衛),商業用,鋼筋混凝土造,830926.0,33.28,1,1,1,有,有,有,11500,346.0,,0.0,0,,RPOOMLQKJHMFFCA57CC,121.52805759999998,25.064686899999998
內湖區,建物,臺北市內湖區南京東路六段451巷31~60號,0.0,其他,,,1051229,土地0建物1車位0,八層,14.0,住宅大樓(11層含以上有電梯),商業用,鋼筋混凝土造,971205.0,83.89,3,2,2,有,有,有,26000,310.0,,0.0,0,,RPWOMLQKJHMFFCA38CC,121.58729679999999,25.0608044
內湖區,房地(土地+建物),臺北市內湖區民權東路六段180巷1~30號,9.79,工,,,1051209,土地1建物1車位0,五層,12.0,辦公商業大樓,商業用,鋼筋混凝土造,881102.0,86.46,0,0,0,無,有,有,26000,301.0,,0.0,0,,RPPQMLQKJHMFFCA87CC,121.5775289,25.0661671
內湖區,房地(土地+建物),臺北市內湖區民權東路六段180巷1~30號,7.23,商,,,1060111,土地1建物1車位0,十層,12.0,辦公商業大樓,商業用,鋼筋混凝土造,881102.0,60.24,0,0,0,無,有,無,19500,324.0,,0.0,0,,RPTQMLQKJHMFFCA28CC,121.5775289,25.0661671
信義區,建物,臺北市信義區忠孝東路五段481~510號,0.0,住,,,1060105,土地0建物1車位1,八層,27.0,辦公商業大樓,商業用,鋼骨混凝土造,820813.0,197.25,4,0,1,有,有,無,86000,436.0,坡道平面,0.0,0,,RPSOMLQKJHMFFDA08CC,121.577475,25.041004
松山區,建物,臺北市松山區南京東路四段151~180號,0.0,商,,,1060105,土地0建物1車位0,五層,10.0,辦公商業大樓,商業用,鋼筋混凝土造,840418.0,267.89,4,0,0,有,有,無,92000,343.0,,0.0,0,,RPUOMLQKJHMFFDA28CC,121.55568290000001,25.0518383
士林區,建物,臺北市士林區中山北路七段14巷50弄1~30號,0.0,住,,,1051230,土地0建物1車位0,一層,5.0,公寓(5樓含以下無電梯),商業用,鋼筋混凝土造,750327.0,211.64,5,2,3,有,有,無,30000,142.0,,0.0,0,,RPPPMLQKJHMFFEA97CC,121.53055970000001,25.1235764
萬華區,建物,臺北市萬華區和平西路三段121~150號,0.0,商,,,1060113,土地0建物1車位0,一層,10.0,店面(店鋪),商業用,鋼筋混凝土造,720909.0,124.57,0,0,0,無,有,無,63000,506.0,,0.0,0,,RPWNMLQKJHMFFBA18CC,121.4987632,25.0351425
大安區,建物,臺北市大安區忠孝東路四段271~300號,0.0,商,,,1051229,土地0建物1車位0,二層,12.0,辦公商業大樓,商業用,鋼筋混凝土造,,471.48,0,0,0,無,無,無,220000,467.0,,0.0,0,,RPWNMLRKJHMFFFA68CC,121.55591240000001,25.041197600000004
文山區,建物,臺北市文山區保儀路26巷1~30號,0.0,商,,,1060104,土地0建物1車位0,四層,12.0,住宅大樓(11層含以上有電梯),商業用,鋼筋混凝土造,840304.0,145.85,4,2,2,有,有,無,22500,154.0,,0.0,0,,RPUNMLRKJHMFFAA97CC,121.56824080000001,24.9883392
中山區,建物,臺北市中山區長安東路二段151~180號,0.0,商,,,1060109,土地0建物1車位0,十一層,14.0,住宅大樓(11層含以上有電梯),商業用,鋼筋混凝土造,900326.0,129.05,3,2,2,有,有,有,58000,449.0,,0.0,0,,RPWNMLRKJHMFFCA38CC,121.5412075,25.0482059
中山區,建物,臺北市中山區堤頂大道二段481~510號,0.0,其他,,,1060105,土地0建物1車位1,六層,10.0,華廈(10層含以下有電梯),商業用,鋼筋混凝土造,991201.0,190.78,0,0,0,無,有,有,78000,409.0,坡道平面,0.0,0,,RPXNMLRKJHMFFCA48CC,121.5619983,25.0820776
內湖區,建物,臺北市內湖區康寧路三段181~210號,0.0,商,,,1060113,土地0建物1車位0,一層,2.0,店面(店鋪),商業用,鋼筋混凝土造,941123.0,101.25,0,0,0,無,無,無,105000,1037.0,,0.0,0,,RPXOMLRKJHMFFCA58CC,121.61200900000001,25.070141
內湖區,建物,臺北市內湖區康寧路三段181~210號,0.0,商,,,1060113,土地0建物1車位0,一層,2.0,店面(店鋪),商業用,鋼筋混凝土造,941123.0,101.25,0,0,0,無,無,無,105000,1037.0,,0.0,0,,RPOPMLRKJHMFFCA77CC,121.61200900000001,25.070141
中山區,建物,臺北市中山區民權東路三段61~90號,0.0,商,,,1051206,土地0建物1車位0,一層,19.0,住宅大樓(11層含以上有電梯),商業用,鋼筋混凝土造,751125.0,47.6,0,0,0,無,有,無,120000,2521.0,,0.0,0,租賃層次: 1+2樓,RPSPMLRKJHMFFCA18CC,121.54320449999999,25.062550100000003
中山區,建物,臺北市中山區松江路31~60號,0.0,商,,,1060105,土地0建物1車位0,六層,10.0,辦公商業大樓,商業用,鋼筋混凝土造,770802.0,275.51,1,1,2,有,有,有,115000,417.0,,0.0,0,,RPWPMLRKJHMFFCA58CC,121.53317379999999,25.0474392
中山區,建物,臺北市中山區林森北路361~390號,0.0,商,,,1060107,土地0建物1車位0,十層,18.0,套房(1房1廳1衛),商業用,鋼筋混凝土造,980916.0,62.29,1,1,1,有,有,有,48000,771.0,,0.0,0,租金含管理費及網路、第四台費用,RPOPMLSKJHMFFCA87CC,121.52550600000001,25.0572808
松山區,建物,臺北市松山區復興北路91~120號,0.0,商,,,1060106,土地0建物3車位0,九層,15.0,辦公商業大樓,商業用,鋼筋混凝土造,750106.0,1240.57,0,0,0,無,有,無,666000,537.0,,0.0,0,,RPQNMLSKJHMFFDA97CC,121.54411670000002,25.0516758
松山區,建物,臺北市松山區南京東路五段31~60號,0.0,商,,,1060114,土地0建物1車位0,一層,12.0,辦公商業大樓,商業用,鋼筋混凝土造,721213.0,86.87,1,1,0,有,有,無,50000,576.0,,0.0,0,,RPRNMLSKJHMFFDA08CC,121.5584054,25.0517805
松山區,建物,臺北市松山區南京東路五段181~210號,0.0,商,,,1060104,土地0建物1車位0,一層,12.0,住宅大樓(11層含以上有電梯),商業用,鋼筋混凝土造,780602.0,99.7,1,1,1,有,無,無,60000,602.0,,0.0,0,,RPXNMLSKJHMFFDA68CC,121.56514609999999,25.0511923
大同區,建物,臺北市大同區歸綏街151~180號,0.0,商,,,1051228,土地0建物1車位0,五層,11.0,套房(1房1廳1衛),商業用,鋼筋混凝土造,791011.0,35.08,1,1,1,有,有,有,11500,328.0,,0.0,0,,RPQOMLSKJHMFFBA87CC,121.5144898,25.05836
中正區,建物,臺北市中正區羅斯福路二段31~60號,0.0,其他,,,1060108,土地0建物1車位0,十二層,15.0,套房(1房1廳1衛),商業用,鋼筋混凝土造,911125.0,38.68,1,1,1,有,有,有,17000,440.0,,0.0,0,,RPPNMLTKJHMFFAA67CC,121.52213400000001,25.02786
中山區,建物,臺北市中山區中山北路二段91~120號,0.0,商,,,1051201,土地0建物1車位0,四層,14.0,辦公商業大樓,商業用,鋼骨鋼筋混凝土造,671223.0,195.5,4,1,0,有,有,有,72000,368.0,,0.0,0,,RPOOMLTKJHMFFCA97DC,121.52326200000002,25.059307999999998
中正區,建物,臺北市中正區信義路二段91~120號,35.07,商,,,1060112,土地0建物1車位0,九層,10.0,套房(1房1廳1衛),商業用,鋼筋混凝土造,860515.0,35.07,0,0,0,無,有,有,17000,485.0,,0.0,0,,RPRPMLTKJHMFFBA18CC,121.52698229999999,25.034405300000003
內湖區,建物,臺北市內湖區舊宗路一段31~60號,0.0,商,,,1051230,土地0建物1車位0,一層,5.0,店面(店鋪),商業用,鋼筋混凝土造,920910.0,827.62,0,0,0,無,有,無,360000,435.0,,0.0,0,,RPUPMLTKJHMFFCA58CC,121.5808636,25.0579573
內湖區,建物,臺北市內湖區港墘路127巷16弄1~30號,0.0,住,,,1060118,土地0建物1車位0,一層,12.0,店面(店鋪),商業用,鋼筋混凝土造,860319.0,75.45,0,0,1,有,有,無,32000,424.0,,0.0,0,,RPPOMLKLJHMFFCA17CC,121.57737560000001,25.077914
中山區,建物,臺北市中山區農安街1~30號,0.0,商,,,1060109,土地0建物1車位0,八層,12.0,住宅大樓(11層含以上有電梯),商業用,鋼筋混凝土造,890501.0,151.87,4,2,2,有,有,無,41000,270.0,,0.0,0,,RPROMLKLJHMFFCA37CC,121.5295986,25.064967000000003
中山區,建物,臺北市中山區中山北路二段93巷1~30號,0.0,商,,,1051228,土地0建物1車位0,五層,14.0,套房(1房1廳1衛),商業用,鋼筋混凝土造,920808.0,47.81,1,1,1,有,有,有,19990,418.0,,0.0,0,,RPTPMLKLJHMFFCA67CC,121.522842,25.0524875
中山區,建物,臺北市中山區林森北路361~390號,0.0,商,,,1060115,土地0建物1車位0,十三層,18.0,住宅大樓(11層含以上有電梯),商業用,鋼筋混凝土造,980916.0,66.62,1,1,1,有,有,有,40000,600.0,,0.0,0,,RPSQMLKLJHMFFCA67CC,121.52550600000001,25.0572808
士林區,建物,臺北市士林區天母東路31~60號,0.0,商,,,1060101,土地0建物1車位0,十二層,12.0,住宅大樓(11層含以上有電梯),商業用,鋼筋混凝土造,751017.0,175.59,3,2,2,有,有,有,57000,325.0,,0.0,0,,RPSOMLKLJHMFFEA67CC,121.53198559999998,25.118221300000002
萬華區,建物,臺北市萬華區貴陽街二段31~60號,0.0,商,,,1060109,土地0建物1車位0,二層,7.0,華廈(10層含以下有電梯),商業用,鋼筋混凝土造,651005.0,140.47,4,2,2,有,無,有,35000,249.0,,0.0,0,,RPWNMLKLJHMFFBA67CC,121.5054311,25.0396137
大安區,建物,臺北市大安區敦化南路二段265巷1~30號,0.0,其他,,,1060109,土地0建物1車位0,六層,7.0,華廈(10層含以下有電梯),商業用,鋼筋混凝土造,710417.0,144.92,3,2,1,有,有,無,48000,331.0,,0.0,0,,RPWOMLKLJHMFFFA18CC,121.54921809999999,25.0330358
南港區,房地(土地+建物),臺北市南港區舊莊街一段181~210號,180.0,商,,,1060118,土地1建物1車位0,二層,11.0,辦公商業大樓,商業用,鋼筋混凝土造,821103.0,520.06,0,0,0,無,有,無,66068,127.0,,0.0,0,,RPPNMLLLJHMFFDA27CC,121.6216939,25.0392346
中山區,建物,臺北市中山區民權東路二段31~60號,0.0,,,,1060106,土地0建物1車位0,三層,12.0,辦公商業大樓,商業用,鋼筋混凝土造,740326.0,200.35,0,0,0,無,無,無,60000,299.0,,0.0,0,,RPQPMLNLJHMFFCA67CC,121.529399,25.062792
中山區,建物,臺北市中山區長安西路1~30號,0.0,商,,,1060112,土地0建物1車位0,四層,14.0,套房(1房1廳1衛),商業用,鋼筋混凝土造,941109.0,34.59,1,1,1,有,有,無,16000,463.0,,0.0,0,,RPRPMLNLJHMFFCA77CC,121.5213635,25.0500203
松山區,建物,臺北市松山區長安東路二段211~240號,0.0,商,,,1060110,土地0建物1車位0,九層,12.0,住宅大樓(11層含以上有電梯),商業用,鋼筋混凝土造,,78.9,2,2,1,有,有,無,25000,317.0,,0.0,0,含管理費。,RPQQMLNLJHMFFDA87CC,121.54434679999999,25.0482502
中正區,建物,臺北市中正區博愛路61~90號,0.0,商,,,1051231,土地0建物1車位1,五層,11.0,辦公商業大樓,商業用,鋼筋混凝土造,680115.0,488.85,0,0,0,無,有,無,168000,344.0,升降平面,0.0,0,,RPQOMLNLJHMFFBA47CC,121.51163100000001,25.044276
中正區,建物,臺北市中正區寧波東街1~30號,0.0,商,,,1060114,土地0建物1車位0,七層,9.0,華廈(10層含以下有電梯),商業用,鋼筋混凝土造,660825.0,490.67,0,0,0,無,有,無,150000,306.0,,0.0,0,,RPRNMLNLJHMFFAA37CC,121.51937209999998,25.031880800000003
中正區,建物,臺北市中正區羅斯福路二段181~210號,0.0,商,,,1060117,土地0建物1車位0,六層,12.0,辦公商業大樓,商業用,鋼筋混凝土造,770112.0,138.72,3,2,2,有,有,有,48000,346.0,,0.0,0,,RPWOMLNLJHMFFAA97CC,121.52378610000001,25.0250954
中正區,建物,臺北市中正區杭州南路一段91~120號,0.0,商,,,1051229,土地0建物0車位0,二層,10.0,華廈(10層含以下有電梯),商業用,鋼筋混凝土造,,402.76,0,0,0,無,有,有,140000,348.0,,0.0,0,僅承租部份約121.84坪,RPUNMLOLJHMFFBA87CC,121.5254693,25.038904100000003
中正區,建物,臺北市中正區信義路二段91~120號,33.54,商,,,1060119,土地0建物1車位0,三層,10.0,套房(1房1廳1衛),商業用,鋼筋混凝土造,860515.0,33.54,0,1,1,有,有,有,15000,447.0,,0.0,0,,RPWNMLOLJHMFFBA08CC,121.52698229999999,25.034405300000003
信義區,建物,臺北市信義區松德路151~180號,16.5,住,,,1060113,土地0建物1車位0,三層,30.0,辦公商業大樓,商業用,鋼骨混凝土造,820524.0,179.87,0,0,0,無,有,無,56000,311.0,,0.0,0,,RPUOMLOLJHMFFDA18CC,121.574876,25.036644
松山區,建物,臺北市松山區敦化北路181~210號,0.0,其他,,,1060117,土地0建物1車位0,一層,12.0,辦公商業大樓,商業用,鋼筋混凝土造,690306.0,496.25,4,0,0,有,有,無,240000,484.0,,0.0,0,,RPOPMLOLJHMFFDA67CC,121.54961100000001,25.055007999999997
南港區,建物,臺北市南港區八德路四段871~900號,0.0,商,,,1060103,土地0建物1車位0,三層,16.0,辦公商業大樓,商業用,鋼筋混凝土造,841219.0,50.87,0,0,0,無,有,無,8000,157.0,,0.0,0,租期：自民國106年01月10日起至民國107年01月09日止。,RPOQMLOLJHMFFDA77CC,121.580386,25.0511569
南港區,建物,臺北市南港區八德路四段871~900號,0.0,商,,,1060106,土地0建物1車位0,二層,16.0,辦公商業大樓,商業用,鋼筋混凝土造,841219.0,50.87,0,0,0,無,有,無,8000,157.0,,0.0,0,租期：自民國106年01月15日起至民國107年01月14日止。,RPPQMLOLJHMFFDA87CC,121.580386,25.0511569
南港區,建物,臺北市南港區八德路四段871~900號,0.0,商,,,1060108,土地0建物1車位0,一層,16.0,辦公商業大樓,商業用,鋼筋混凝土造,841219.0,30.03,0,0,0,無,有,無,10000,333.0,,0.0,0,租期：自民國106年02月01日起至民國108年01月31日止。,RPQQMLOLJHMFFDA97CC,121.580386,25.0511569
內湖區,房地(土地+建物),臺北市內湖區民權東路六段180巷1~30號,11.82,工,,,1051219,土地1建物1車位0,九層,12.0,辦公商業大樓,商業用,鋼筋混凝土造,881102.0,53.36,0,0,0,無,有,有,16800,315.0,,0.0,0,,RPWNMLOLJHMFFCA18CC,121.5775289,25.0661671
內湖區,建物,臺北市內湖區瑞光路601~630號,0.0,其他,,,1060120,土地0建物1車位2,一層,10.0,廠辦,商業用,鋼筋混凝土造,930105.0,730.58,0,0,0,無,有,無,437000,653.0,坡道平面,71.62,7000,,RPROMLOLJHMFFCA77CC,121.56719409999998,25.0800655
中山區,建物,臺北市中山區農安街1~30號,0.0,商,,,1060114,土地0建物1車位0,五層,10.0,華廈(10層含以下有電梯),商業用,鋼筋混凝土造,861126.0,78.96,1,1,1,有,有,有,30000,380.0,,0.0,0,,RPOPMLOLJHMFFCA57CC,121.5295986,25.064967000000003
中山區,建物,臺北市中山區建國北路二段181~210號,0.0,住,,,1060104,土地0建物2車位0,十層,10.0,辦公商業大樓,商業用,鋼筋混凝土造,841024.0,1914.63,0,0,0,無,有,有,1434339,749.0,,0.0,0,,RPRQMLOLJHMFFCA97CC,121.53723559999999,25.0616565
中山區,建物,臺北市中山區民生東路三段31~60號,0.0,商,,,1060113,土地0建物1車位0,三層,9.0,辦公商業大樓,商業用,鋼筋混凝土造,850202.0,56.66,0,1,1,有,有,有,30000,529.0,,0.0,0,,RPSQMLOLJHMFFCA08CC,121.53909709999999,25.057996499999998
松山區,建物,臺北市松山區復興北路31~60號,0.0,商,,,1060118,土地0建物0車位0,十六層,16.0,辦公商業大樓,商業用,鋼筋混凝土造,741029.0,89.26,0,0,0,無,有,有,59670,668.0,,0.0,0,,RPUNMLPLJHMFFDA18CC,121.544416,25.049515
大安區,建物,臺北市大安區安和路一段102巷1~30號,0.0,住,,,1060121,土地0建物1車位0,一層,7.0,店面(店鋪),商業用,鋼筋混凝土造,731123.0,152.87,0,0,1,有,有,有,145000,949.0,,0.0,0,,RPSPMLPLJHMFFFA38CC,121.5522966,25.034427800000003
信義區,建物,臺北市信義區基隆路二段121~150號,0.0,商,,,1060105,土地0建物1車位1,三層,12.0,住宅大樓(11層含以上有電梯),商業用,鋼筋混凝土造,801018.0,109.99,0,0,0,無,無,無,30000,273.0,升降機械,16.9,0,,RPOPMLQLJHMFFDA87CC,121.55706940000002,25.0286362
內湖區,建物,臺北市內湖區民權東路六段123巷1~30號,0.0,商,,,1051227,土地0建物1車位0,五層,14.0,辦公商業大樓,商業用,鋼筋混凝土造,890106.0,139.77,5,0,0,有,有,無,49500,354.0,,0.0,0,,RPTOMLQLJHMFFCA18CC,121.5775289,25.0661671
內湖區,建物,臺北市內湖區民權東路六段123巷1~30號,0.0,商,,,1060123,土地0建物1車位0,七層,14.0,辦公商業大樓,商業用,鋼筋混凝土造,890106.0,137.47,2,0,0,有,有,無,52500,382.0,,0.0,0,,RPVOMLQLJHMFFCA38CC,121.5775289,25.0661671
中山區,建物,臺北市中山區長安東路一段1~30號,0.0,商,,,1060119,土地0建物1車位0,十一層,11.0,辦公商業大樓,商業用,鋼筋混凝土造,630819.0,228.25,0,0,0,無,有,無,100000,438.0,,0.0,0,,RPWOMLQLJHMFFCA48CC,121.522081,25.049818
信義區,建物,臺北市信義區永吉路321巷1~30號,0.0,住,,,1060118,土地0建物1車位0,一層,5.0,公寓(5樓含以下無電梯),商業用,鋼筋混凝土造,740502.0,97.36,0,0,0,無,無,無,30000,308.0,,0.0,0,,RPUNMLMJKHMFFDA77CC,121.574757,25.044826999999998
中山區,建物,臺北市中山區中山北路二段1~30號,0.0,商,,,1060123,土地0建物1車位0,三層,9.0,辦公商業大樓,商業用,鋼筋混凝土造,610601.0,119.0,0,0,0,無,有,無,36000,303.0,,0.0,0,,RPSPMLMJKHMFFCA77DC,121.522842,25.0524875
文山區,建物,臺北市文山區景隆街36巷1~30號,3007.92,其他,,,1060124,土地0建物1車位0,二層,15.0,辦公商業大樓,商業用,鋼筋混凝土造,820410.0,1503.96,0,0,0,無,有,無,218000,145.0,,0.0,0,,RPPNMLNJKHMFFAA07CC,121.54344499999999,24.998616000000002
內湖區,房地(土地+建物),臺北市內湖區瑞光路548巷41弄1~30號,1863.93,工,,,1060116,土地3建物3車位0,一層,10.0,廠辦,商業用,鋼筋混凝土造,950713.0,1863.93,0,0,0,無,有,無,789376,424.0,,0.0,0,,RPRPMLNJKHMFFCA67CC,121.5842514,25.069110600000002
內湖區,房地(土地+建物),臺北市內湖區南京東路六段451~480號,160.43,工,,,1060120,土地1建物1車位0,三層,9.0,廠辦,商業用,鋼筋混凝土造,980318.0,160.43,0,0,0,無,有,無,39000,243.0,,0.0,0,,RPTPMLNJKHMFFCA87CC,121.58888400000001,25.0607112
信義區,建物,臺北市信義區基隆路二段1~30號,0.0,商,,,1060116,土地0建物1車位0,三層,12.0,住宅大樓(11層含以上有電梯),商業用,鋼筋混凝土造,690421.0,102.01,3,2,2,有,有,有,28000,274.0,,0.0,0,,RPUNMLQJKHMFFDA18CC,121.5585277,25.0317711
大同區,房地(土地+建物),臺北市大同區鄭州路91~120號,17.68,商,,,1060125,土地1建物1車位0,二層,17.0,住宅大樓(11層含以上有電梯),商業用,鋼筋混凝土造,780620.0,132.55,4,2,2,有,有,無,36000,272.0,,0.0,0,,RPUOMLQJKHMFFBA08CC,121.51235659999999,25.049974300000002
萬華區,建物,臺北市萬華區西寧南路31~60號,0.0,商,,,1060123,土地0建物1車位0,一層,13.0,店面(店鋪),商業用,鋼筋混凝土造,791004.0,195.9,0,0,0,無,有,無,190000,970.0,,0.0,0,,RPXOMLQJKHMFFBA38CC,121.5075568,25.0477199
中山區,建物,臺北市中山區農安街1~30號,0.0,商,,,1060125,土地0建物1車位0,八層,14.0,套房(1房1廳1衛),商業用,鋼筋混凝土造,980622.0,51.47,1,1,1,有,有,有,33000,641.0,,0.0,0,,RPROMLQJKHMFFCA87CC,121.5295986,25.064967000000003
信義區,建物,臺北市信義區基隆路二段91~120號,0.0,商,,,1060123,土地0建物1車位0,一層,4.0,店面(店鋪),商業用,鋼筋混凝土造,620924.0,187.46,0,2,1,有,無,無,220000,1174.0,,0.0,0,自民國106年1月24日至民國106年3月10日止為免租裝潢期。租金含代扣繳租賃所得稅。,RPRNMLRJKHMFFDA08DC,121.55787649999999,25.0300033
中正區,建物,臺北市中正區紹興北街31巷15弄1~30號,0.0,商,,,1060124,土地0建物1車位0,一層,8.0,華廈(10層含以下有電梯),商業用,鋼筋混凝土造,760114.0,135.83,4,2,2,有,無,有,37000,272.0,,0.0,0,,RPQNMLRJKHMFFBA67CC,121.52588940000001,25.0450541
中正區,建物,臺北市中正區重慶南路一段91~120號,0.0,商,,,1060118,土地0建物1車位0,五層,11.0,辦公商業大樓,商業用,鋼筋混凝土造,680219.0,451.4,1,1,1,有,有,無,160000,354.0,,0.0,0,,RPVPMLSJKHMFFBA48CC,121.51291200000001,25.0414699
中山區,建物,臺北市中山區長春路181~210號,0.0,商,,,1060123,土地0建物1車位0,十層,10.0,華廈(10層含以下有電梯),商業用,鋼筋混凝土造,861203.0,45.67,1,1,1,有,有,有,22000,482.0,,0.0,0,,RPOPMLSJKHMFFCA87CC,121.537651,25.054863
信義區,房地(土地+建物),臺北市信義區基隆路一段421~450號,13.23,商,,,1060118,土地2建物1車位0,二層,15.0,辦公商業大樓,商業用,鋼筋混凝土造,,147.05,4,1,0,有,有,無,40000,272.0,,0.0,0,,RPWNMLTJKHMFFDA68CC,121.55996359999999,25.0338841
中正區,建物,臺北市中正區忠孝東路一段61~90號,0.0,商,,,1060114,土地0建物1車位0,九層,25.0,住宅大樓(11層含以上有電梯),商業用,鋼筋混凝土造,781230.0,132.65,2,2,1,有,有,有,40000,302.0,,0.0,0,,RPVOMLKKKHMFFBA67CC,121.52617340000002,25.0441937
中山區,建物,臺北市中山區松江路31~60號,0.0,商,,,1060105,土地0建物1車位0,二層,11.0,辦公商業大樓,商業用,鋼筋混凝土造,780406.0,178.39,0,0,0,無,有,無,70000,392.0,,0.0,0,,RPTNMLMKKHMFFCA77DC,121.53317379999999,25.0474392
中山區,建物,臺北市中山區長安東路二段61~90號,0.0,商,,,1060123,土地0建物1車位0,三層,12.0,辦公商業大樓,商業用,鋼筋混凝土造,720719.0,254.22,0,0,0,無,有,無,85000,334.0,,0.0,0,,RPUNMLMKKHMFFCA87DC,121.5303443,25.0484255
中山區,建物,臺北市中山區松江路61~90號,0.0,商,,,1060116,土地0建物1車位0,八層,12.0,辦公商業大樓,商業用,鋼筋混凝土造,730711.0,176.94,0,0,0,無,有,無,73000,413.0,,0.0,0,,RPVNMLMKKHMFFCA97DC,121.53314909999999,25.0486979
中正區,建物,臺北市中正區青島東路1~30號,0.0,商,,,1060121,土地0建物1車位0,一層,7.0,店面(店鋪),商業用,鋼筋混凝土造,660826.0,258.99,0,0,0,無,有,無,120000,463.0,,0.0,0,第三至六年租金調整為125000,RPUNMLNKKHMFFBA77CC,121.5206821,25.044313600000002
中山區,建物,臺北市中山區建國北路一段61~90號,0.0,商,,,1060119,土地0建物1車位1,五層,13.0,辦公商業大樓,商業用,鋼筋混凝土造,851207.0,309.81,2,0,0,有,有,有,162118,523.0,坡道平面,0.0,0,,RPSPMLNKKHMFFCA87CC,121.5369969,25.050646
中山區,建物,臺北市中山區南京西路12巷1~30號,0.0,商,,,1060125,土地0建物1車位0,一層,5.0,店面(店鋪),商業用,鋼筋混凝土造,750203.0,126.23,0,0,0,無,無,無,200000,1584.0,,0.0,0,,RPXQMLNKKHMFFCA48CC,121.5221416,25.052452600000002
中山區,房地(土地+建物),臺北市中山區新生北路二段133巷1~30號,197.0,住,,,1060124,土地2建物6車位0,見其他登記事項,6.0,公寓(5樓含以下無電梯),商業用,鋼筋混凝土造,721229.0,892.21,0,0,0,無,無,有,250000,280.0,,0.0,0,每月租金25萬(含稅),RPXOMLPKKHMFFCA58DC,121.5280138,25.060947199999998
中山區,房地(土地+建物),臺北市中山區新生北路二段133巷1~30號,36.36,住,,,1060125,土地2建物2車位0,地下層,6.0,公寓(5樓含以下無電梯),商業用,鋼筋混凝土造,721229.0,173.74,0,0,0,無,無,有,35000,201.0,,0.0,0,每月租金35000元(含稅),RPSPMLPKKHMFFCA18DC,121.5280138,25.060947199999998
信義區,建物,臺北市信義區忠孝東路五段541~570號,0.0,住,,,1060116,土地0建物1車位0,七層,15.0,辦公商業大樓,商業用,鋼筋混凝土造,801120.0,388.38,0,0,0,無,有,有,160000,412.0,坡道平面,0.0,0,,RPQOMLPKKHMFFDA87CC,121.57851699999999,25.0414023
中山區,建物,臺北市中山區南京東路二段121~150號,0.0,商,,,1060124,土地0建物1車位0,十二層,14.0,辦公商業大樓,商業用,鋼筋混凝土造,670810.0,341.79,0,0,0,無,有,無,193236,565.0,,0.0,0,(1)此案為部分租賃，租賃坪數以房東提供為主，租賃期間為3年1.5個月。(2)租金含稅,RPTPMLPKKHMFFCA18CC,121.5339284,25.052259699999997
內湖區,建物,臺北市內湖區金莊路61~90號,0.0,其他,,,1060118,土地0建物1車位1,十三層,14.0,住宅大樓(11層含以上有電梯),商業用,鋼筋混凝土造,990512.0,218.47,5,2,3,有,有,無,45000,206.0,坡道平面,0.0,0,,RPXNMLQKKHMFFCA48CC,121.58716629999999,25.0634772
中山區,建物,臺北市中山區復興北路31~60號,0.0,商,,,1060124,土地0建物1車位0,四層,12.0,辦公商業大樓,商業用,鋼筋混凝土造,690729.0,327.99,0,0,0,無,有,無,125000,381.0,,0.0,0,,RPQOMLQKKHMFFCA87CC,121.544416,25.049515
中山區,建物,臺北市中山區松江路121~150號,0.0,商,,,1060125,土地0建物1車位2,六層,15.0,辦公商業大樓,商業用,鋼筋混凝土造,750204.0,901.61,0,0,0,無,有,無,494025,548.0,坡道平面,66.9,0,,RPSOMLQKKHMFFCA08CC,121.53335030000001,25.0528258
中山區,建物,臺北市中山區新生北路二段68巷1~30號,0.0,商,,,1060127,土地0建物1車位0,七層,7.0,套房(1房1廳1衛),商業用,鋼筋混凝土造,670505.0,45.79,1,1,1,有,有,無,20000,437.0,,0.0,0,,RPTPMLQKKHMFFCA28CC,121.527974,25.061014
中山區,建物,臺北市中山區建國北路一段61~90號,0.0,商,,,1060125,土地0建物2車位3,十一層,13.0,辦公商業大樓,商業用,鋼筋混凝土造,851207.0,595.5,4,0,0,有,有,有,318683,535.0,坡道平面,0.0,0,,RPSQMLQKKHMFFCA28CC,121.5369969,25.050646
北投區,建物,臺北市北投區裕民六路121~150號,0.0,商,,,1060101,土地0建物1車位0,四層,10.0,華廈(10層含以下有電梯),商業用,鋼筋混凝土造,860225.0,136.77,3,2,2,有,有,有,32000,234.0,,0.0,0,,RPROMLQKKHMFFEA18CC,121.5172288,25.1137919
信義區,建物,臺北市信義區基隆路二段121~150號,0.0,住,,,1060105,土地0建物1車位0,十層,12.0,住宅大樓(11層含以上有電梯),商業用,鋼筋混凝土造,790119.0,50.26,1,1,1,有,無,有,20000,398.0,,0.0,0,,RPRNMLRKKHMFFDA08CC,121.55706940000002,25.0286362
松山區,建物,臺北市松山區南京東路五段61~90號,43.74,商,,,1060121,土地0建物1車位0,二層,14.0,住宅大樓(11層含以上有電梯),商業用,鋼筋混凝土造,731004.0,358.37,0,0,0,無,有,無,220000,614.0,,0.0,0,,RPROMLRKKHMFFDA18CC,121.55944070000001,25.0517366
信義區,建物,臺北市信義區光復南路421巷1~30號,0.0,商,,,1060120,土地0建物1車位0,一層,7.0,華廈(10層含以下有電梯),商業用,鋼筋混凝土造,,70.6,1,1,1,有,無,無,30000,425.0,,0.0,0,,RPOPMLSKKHMFFDA08CC,121.5579595,25.036239300000002
中山區,建物,臺北市中山區龍江路120巷1~30號,0.0,商,,,1060123,土地0建物1車位0,七層,11.0,辦公商業大樓,商業用,鋼筋混凝土造,880524.0,78.38,1,1,1,有,有,有,31000,396.0,,0.0,0,,RPUNMLSKKHMFFCA38CC,121.540523,25.0470691
大安區,建物,臺北市大安區忠孝東路四段49巷1~30號,0.0,商,,,1060119,土地0建物1車位0,一層,7.0,店面(店鋪),商業用,鋼筋混凝土造,,241.66,0,0,0,無,無,無,580000,2400.0,,0.0,0,,RPXNMLSKKHMFFFA98CC,121.5440557,25.0418391
松山區,建物,臺北市松山區民生東路三段121~150號,0.0,商,,,1060125,土地0建物1車位0,地下一層,14.0,辦公商業大樓,商業用,鋼筋混凝土造,751129.0,532.7,0,0,0,無,有,無,240000,451.0,,0.0,0,,RPPPMLOLKHMFFDA87CC,121.546978,25.0580549
